"category","Nutrient_fulfillment"
"calcium",0.020367537504383
"fattyacids",0.486441825292268
"iron",0.0860100524018158
"protein",0.489893007032526
"vita",0.0180181907394768
"vitaminb12",2.61174141948949
"zinc",0.0752229214741025
